"First Name","Last Name","Gender","Age"
"Arnold","Murphy","Male","27"
"Abraham","Lloyd","Male","20"
"Connie","Riley","Female","18"
"Wilson","Richards","Male","20"
"Briony","Higgins","Female","25"
"Lyndon","Gibson","Male","19"
"Elian","Crawford","Male","25"
"Patrick","Kelly","Male","22"
"David","Martin","Male","30"
"Roland","Barnes","Male","27"
"Edith","Murphy","Female","28"
"Cadie","Roberts","Female","28"
"Tony","Nelson","Male","26"
"Sienna","Taylor","Female","19"
"Honey","Reed","Female","22"
"Miley","Hall","Female","20"
"Lenny","Williams","Male","21"
"Tara","Alexander","Female","28"
"Reid","Payne","Male","21"
"Carl","Chapman","Male","27"
"Jared","Cameron","Male","22"
"Alisa","Riley","Female","29"
"Jared","Lloyd","Male","29"
"Florrie","Wilson","Female","22"
"Dexter","Hawkins","Male","23"
"Byron","Brown","Male","23"
"Amber","Jones","Female","29"
"Amanda","Hall","Female","20"
"Adele","Harper","Female","20"
"Jacob","Russell","Male","23"
"Cherry","Gibson","Female","24"
"Lydia","Stewart","Female","25"
"Ellia","Richards","Female","26"
"Mike","Wells","Male","24"
"Steven","Howard","Male","29"
"Lyndon","Kelley","Male","28"
"Rosie","Brooks","Female","24"
"Alisa","Martin","Female","30"
"Sarah","Morgan","Female","29"
"Tyler","Harrison","Male","23"
"Sienna","Myers","Female","18"
"Derek","Nelson","Male","19"
"Derek","Rogers","Male","18"
"Haris","Allen","Male","22"
"Alissa","Cameron","Female","18"
"Paul","Phillips","Male","24"
"Sienna","West","Female","21"
"Edgar","Kelly","Male","29"
"Adrianna","Foster","Female","22"
"Emily","Watson","Female","23"